L,D,Ln,Dn,eq,M
0.0,0.0,0.0,0.0,bolu_gerde,7.3
1.7,0.066,0.01,0.35,bolu_gerde,7.3
3.3,1.33,0.02,0.71,bolu_gerde,7.3
5.0,1.09,0.03,0.58,bolu_gerde,7.3
6.6,0.98,0.04,0.52,bolu_gerde,7.3
8.3,1.09,0.05,0.58,bolu_gerde,7.3
9.9,1.23,0.06,0.66,bolu_gerde,7.3
11.6,1.35,0.07,0.72,bolu_gerde,7.3
13.2,1.47,0.08,0.78,bolu_gerde,7.3
14.9,1.59,0.09,0.85,bolu_gerde,7.3
16.5,1.71,0.1,0.91,bolu_gerde,7.3
18.2,1.83,0.11,0.98,bolu_gerde,7.3
19.8,1.96,0.12,1.04,bolu_gerde,7.3
21.5,2.08,0.13,1.11,bolu_gerde,7.3
23.1,2.21,0.14,1.18,bolu_gerde,7.3
24.8,2.33,0.15,1.24,bolu_gerde,7.3
26.4,2.45,0.16,1.31,bolu_gerde,7.3
28.1,2.63,0.17,1.4,bolu_gerde,7.3
29.7,3.14,0.18,1.68,bolu_gerde,7.3
31.4,3.52,0.19,1.88,bolu_gerde,7.3
33.0,3.48,0.2,1.86,bolu_gerde,7.3
34.7,3.41,0.21,1.82,bolu_gerde,7.3
36.3,3.35,0.22,1.79,bolu_gerde,7.3
38.0,3.29,0.23,1.75,bolu_gerde,7.3
39.6,3.22,0.24,1.72,bolu_gerde,7.3
41.3,3.16,0.25,1.68,bolu_gerde,7.3
42.9,3.09,0.26,1.65,bolu_gerde,7.3
44.6,3.03,0.27,1.62,bolu_gerde,7.3
46.2,2.98,0.28,1.59,bolu_gerde,7.3
47.9,2.94,0.29,1.57,bolu_gerde,7.3
49.5,2.89,0.3,1.54,bolu_gerde,7.3
51.2,2.84,0.31,1.52,bolu_gerde,7.3
52.8,2.8,0.32,1.49,bolu_gerde,7.3
54.5,2.75,0.33,1.47,bolu_gerde,7.3
56.1,2.7,0.34,1.44,bolu_gerde,7.3
57.8,2.65,0.35,1.41,bolu_gerde,7.3
59.4,2.6,0.36,1.39,bolu_gerde,7.3
61.1,2.55,0.37,1.36,bolu_gerde,7.3
62.7,2.5,0.38,1.33,bolu_gerde,7.3
64.4,2.45,0.39,1.31,bolu_gerde,7.3
66.0,2.4,0.4,1.28,bolu_gerde,7.3
67.7,2.35,0.41,1.25,bolu_gerde,7.3
69.3,2.3,0.42,1.23,bolu_gerde,7.3
71.0,2.26,0.43,1.2,bolu_gerde,7.3
72.6,2.21,0.44,1.18,bolu_gerde,7.3
74.3,2.16,0.45,1.15,bolu_gerde,7.3
76.0,2.25,0.46,1.2,bolu_gerde,7.3
77.6,2.85,0.47,1.52,bolu_gerde,7.3
79.3,2.94,0.48,1.57,bolu_gerde,7.3
80.9,2.87,0.49,1.53,bolu_gerde,7.3
82.6,2.8,0.5,1.49,bolu_gerde,7.3
84.2,2.73,0.51,1.45,bolu_gerde,7.3
85.9,2.66,0.52,1.42,bolu_gerde,7.3
87.5,2.58,0.53,1.38,bolu_gerde,7.3
89.2,2.51,0.54,1.34,bolu_gerde,7.3
90.8,2.44,0.55,1.3,bolu_gerde,7.3
92.5,2.37,0.56,1.27,bolu_gerde,7.3
94.1,2.3,0.57,1.23,bolu_gerde,7.3
95.8,2.23,0.58,1.19,bolu_gerde,7.3
97.4,2.16,0.59,1.15,bolu_gerde,7.3
99.1,2.08,0.6,1.11,bolu_gerde,7.3
100.7,2.02,0.61,1.08,bolu_gerde,7.3
102.4,1.95,0.62,1.04,bolu_gerde,7.3
104.0,1.88,0.63,1.0,bolu_gerde,7.3
105.7,1.81,0.64,0.96,bolu_gerde,7.3
107.3,1.74,0.65,0.93,bolu_gerde,7.3
109.0,1.66,0.66,0.89,bolu_gerde,7.3
110.6,1.59,0.67,0.85,bolu_gerde,7.3
112.3,1.52,0.68,0.81,bolu_gerde,7.3
113.9,1.5,0.69,0.8,bolu_gerde,7.3
115.6,1.5,0.7,0.8,bolu_gerde,7.3
117.2,1.5,0.71,0.8,bolu_gerde,7.3
118.9,1.52,0.72,0.81,bolu_gerde,7.3
120.5,1.52,0.73,0.81,bolu_gerde,7.3
122.2,1.52,0.74,0.81,bolu_gerde,7.3
123.8,1.49,0.75,0.8,bolu_gerde,7.3
125.5,1.44,0.76,0.77,bolu_gerde,7.3
127.1,1.38,0.77,0.73,bolu_gerde,7.3
128.8,1.32,0.78,0.7,bolu_gerde,7.3
130.4,1.26,0.79,0.67,bolu_gerde,7.3
132.1,1.21,0.8,0.64,bolu_gerde,7.3
133.7,1.15,0.81,0.61,bolu_gerde,7.3
135.4,1.09,0.82,0.58,bolu_gerde,7.3
137.0,1.03,0.83,0.55,bolu_gerde,7.3
138.7,0.98,0.84,0.52,bolu_gerde,7.3
140.3,0.92,0.85,0.49,bolu_gerde,7.3
142.0,0.86,0.86,0.46,bolu_gerde,7.3
143.6,0.8,0.87,0.43,bolu_gerde,7.3
145.3,0.75,0.88,0.4,bolu_gerde,7.3
146.9,0.69,0.89,0.37,bolu_gerde,7.3
148.6,0.63,0.9,0.34,bolu_gerde,7.3
150.2,0.57,0.91,0.31,bolu_gerde,7.3
151.9,0.52,0.92,0.28,bolu_gerde,7.3
153.5,0.46,0.93,0.24,bolu_gerde,7.3
155.2,0.4,0.94,0.21,bolu_gerde,7.3
156.9,0.34,0.95,0.18,bolu_gerde,7.3
158.5,0.29,0.96,0.15,bolu_gerde,7.3
160.2,0.23,0.97,0.12,bolu_gerde,7.3
161.8,0.17,0.98,0.09,bolu_gerde,7.3
163.5,0.11,0.99,0.06,bolu_gerde,7.3
165.1,0.0,1.0,0.0,bolu_gerde,7.3
0.0,0.0,0.0,0.0,borah_peak,6.9
0.35,0.01,0.01,0.01,borah_peak,6.9
0.7,0.02,0.02,0.02,borah_peak,6.9
1.04,0.02,0.03,0.02,borah_peak,6.9
1.39,0.07,0.04,0.09,borah_peak,6.9
1.74,0.1,0.05,0.12,borah_peak,6.9
2.09,0.1,0.06,0.12,borah_peak,6.9
2.44,0.12,0.07,0.14,borah_peak,6.9
2.79,0.19,0.08,0.22,borah_peak,6.9
3.13,0.19,0.09,0.22,borah_peak,6.9
3.48,0.19,0.1,0.22,borah_peak,6.9
3.83,0.1,0.11,0.12,borah_peak,6.9
4.18,0.06,0.12,0.07,borah_peak,6.9
4.53,0.02,0.13,0.02,borah_peak,6.9
4.87,0.02,0.14,0.02,borah_peak,6.9
5.22,0.02,0.15,0.02,borah_peak,6.9
5.57,0.02,0.16,0.02,borah_peak,6.9
5.92,0.02,0.17,0.02,borah_peak,6.9
6.27,0.27,0.18,0.32,borah_peak,6.9
6.62,0.78,0.19,0.93,borah_peak,6.9
6.96,0.92,0.2,1.09,borah_peak,6.9
7.31,0.94,0.21,1.11,borah_peak,6.9
7.66,0.87,0.22,1.03,borah_peak,6.9
8.01,0.78,0.23,0.92,borah_peak,6.9
8.36,0.72,0.24,0.85,borah_peak,6.9
8.71,0.61,0.25,0.73,borah_peak,6.9
9.05,0.19,0.26,0.22,borah_peak,6.9
9.4,0.17,0.27,0.2,borah_peak,6.9
9.75,0.27,0.28,0.32,borah_peak,6.9
10.1,0.39,0.29,0.46,borah_peak,6.9
10.45,0.44,0.3,0.52,borah_peak,6.9
10.79,0.41,0.31,0.48,borah_peak,6.9
11.14,0.36,0.32,0.43,borah_peak,6.9
11.49,0.27,0.33,0.32,borah_peak,6.9
11.84,0.39,0.34,0.46,borah_peak,6.9
12.19,0.68,0.35,0.81,borah_peak,6.9
12.54,1.17,0.36,1.38,borah_peak,6.9
12.88,1.51,0.37,1.78,borah_peak,6.9
13.23,1.53,0.38,1.81,borah_peak,6.9
13.58,1.39,0.39,1.65,borah_peak,6.9
13.93,1.24,0.4,1.46,borah_peak,6.9
14.28,1.08,0.41,1.28,borah_peak,6.9
14.62,0.99,0.42,1.17,borah_peak,6.9
14.97,1.03,0.43,1.21,borah_peak,6.9
15.32,0.98,0.44,1.16,borah_peak,6.9
15.67,1.09,0.45,1.29,borah_peak,6.9
16.02,1.79,0.46,2.11,borah_peak,6.9
16.37,1.82,0.47,2.15,borah_peak,6.9
16.71,1.62,0.48,1.91,borah_peak,6.9
17.06,1.45,0.49,1.71,borah_peak,6.9
17.41,1.28,0.5,1.51,borah_peak,6.9
17.76,1.02,0.51,1.21,borah_peak,6.9
18.11,0.73,0.52,0.86,borah_peak,6.9
18.45,0.82,0.53,0.96,borah_peak,6.9
18.8,0.92,0.54,1.09,borah_peak,6.9
19.15,1.04,0.55,1.23,borah_peak,6.9
19.5,0.92,0.56,1.09,borah_peak,6.9
19.85,0.77,0.57,0.91,borah_peak,6.9
20.2,0.93,0.58,1.09,borah_peak,6.9
20.54,1.42,0.59,1.68,borah_peak,6.9
20.89,0.97,0.6,1.14,borah_peak,6.9
21.24,0.27,0.61,0.32,borah_peak,6.9
21.59,0.1,0.62,0.12,borah_peak,6.9
21.94,0.74,0.63,0.88,borah_peak,6.9
22.28,1.19,0.64,1.41,borah_peak,6.9
22.63,1.28,0.65,1.51,borah_peak,6.9
22.98,1.2,0.66,1.41,borah_peak,6.9
23.33,1.33,0.67,1.57,borah_peak,6.9
23.68,1.48,0.68,1.75,borah_peak,6.9
24.03,1.68,0.69,1.98,borah_peak,6.9
24.37,1.86,0.7,2.2,borah_peak,6.9
24.72,2.01,0.71,2.37,borah_peak,6.9
25.07,1.76,0.72,2.08,borah_peak,6.9
25.42,1.79,0.73,2.12,borah_peak,6.9
25.77,1.63,0.74,1.93,borah_peak,6.9
26.12,1.6,0.75,1.89,borah_peak,6.9
26.46,1.87,0.76,2.21,borah_peak,6.9
26.81,2.37,0.77,2.8,borah_peak,6.9
27.16,1.97,0.78,2.33,borah_peak,6.9
27.51,1.38,0.79,1.63,borah_peak,6.9
27.86,1.0,0.8,1.18,borah_peak,6.9
28.2,1.18,0.81,1.39,borah_peak,6.9
28.55,1.38,0.82,1.63,borah_peak,6.9
28.9,1.54,0.83,1.81,borah_peak,6.9
29.25,1.58,0.84,1.86,borah_peak,6.9
29.6,1.22,0.85,1.44,borah_peak,6.9
29.95,1.04,0.86,1.23,borah_peak,6.9
30.29,0.97,0.87,1.14,borah_peak,6.9
30.64,1.24,0.88,1.46,borah_peak,6.9
30.99,1.43,0.89,1.69,borah_peak,6.9
31.34,1.24,0.9,1.46,borah_peak,6.9
31.69,1.01,0.91,1.19,borah_peak,6.9
32.03,0.53,0.92,0.62,borah_peak,6.9
32.38,0.49,0.93,0.58,borah_peak,6.9
32.73,0.19,0.94,0.22,borah_peak,6.9
33.08,0.13,0.95,0.15,borah_peak,6.9
33.43,0.24,0.96,0.29,borah_peak,6.9
33.78,0.22,0.97,0.26,borah_peak,6.9
34.12,0.09,0.98,0.1,borah_peak,6.9
34.47,0.16,0.99,0.19,borah_peak,6.9
34.82,0.0,1.0,0.0,borah_peak,6.9
0.0,0.0,0.0,0.0,borrego,6.6
0.33,0.01,0.01,0.04,borrego,6.6
0.65,0.01,0.02,0.12,borrego,6.6
0.98,0.02,0.03,0.2,borrego,6.6
1.3,0.03,0.04,0.28,borrego,6.6
1.63,0.05,0.05,0.4,borrego,6.6
1.95,0.06,0.06,0.52,borrego,6.6
2.28,0.08,0.07,0.64,borrego,6.6
2.6,0.09,0.08,0.78,borrego,6.6
2.93,0.11,0.09,0.95,borrego,6.6
3.25,0.14,0.1,1.13,borrego,6.6
3.58,0.16,0.11,1.36,borrego,6.6
3.9,0.23,0.12,1.89,borrego,6.6
4.23,0.29,0.13,2.38,borrego,6.6
4.55,0.3,0.14,2.5,borrego,6.6
4.88,0.34,0.15,2.8,borrego,6.6
5.2,0.29,0.16,2.38,borrego,6.6
5.53,0.29,0.17,2.38,borrego,6.6
5.85,0.32,0.18,2.68,borrego,6.6
6.18,0.35,0.19,2.93,borrego,6.6
6.5,0.36,0.2,2.97,borrego,6.6
6.83,0.35,0.21,2.94,borrego,6.6
7.15,0.33,0.22,2.71,borrego,6.6
7.48,0.23,0.23,1.94,borrego,6.6
7.8,0.21,0.24,1.71,borrego,6.6
8.13,0.21,0.25,1.75,borrego,6.6
8.46,0.22,0.26,1.81,borrego,6.6
8.78,0.22,0.27,1.86,borrego,6.6
9.11,0.23,0.28,1.91,borrego,6.6
9.43,0.24,0.29,1.97,borrego,6.6
9.76,0.24,0.3,2.01,borrego,6.6
10.08,0.25,0.31,2.07,borrego,6.6
10.41,0.26,0.32,2.12,borrego,6.6
10.73,0.26,0.33,2.18,borrego,6.6
11.06,0.27,0.34,2.23,borrego,6.6
11.38,0.27,0.35,2.28,borrego,6.6
11.71,0.28,0.36,2.33,borrego,6.6
12.03,0.28,0.37,2.33,borrego,6.6
12.36,0.25,0.38,2.08,borrego,6.6
12.68,0.21,0.39,1.77,borrego,6.6
13.01,0.17,0.4,1.43,borrego,6.6
13.33,0.13,0.41,1.09,borrego,6.6
13.66,0.09,0.42,0.77,borrego,6.6
13.98,0.05,0.43,0.45,borrego,6.6
14.31,0.02,0.44,0.13,borrego,6.6
14.63,0.0,0.45,0.04,borrego,6.6
14.96,0.02,0.46,0.13,borrego,6.6
15.28,0.03,0.47,0.24,borrego,6.6
15.61,0.04,0.48,0.35,borrego,6.6
15.93,0.05,0.49,0.45,borrego,6.6
16.26,0.07,0.5,0.56,borrego,6.6
16.59,0.08,0.51,0.66,borrego,6.6
16.91,0.09,0.52,0.76,borrego,6.6
17.24,0.1,0.53,0.87,borrego,6.6
17.56,0.12,0.54,0.97,borrego,6.6
17.89,0.13,0.55,1.07,borrego,6.6
18.21,0.14,0.56,1.16,borrego,6.6
18.54,0.15,0.57,1.24,borrego,6.6
18.86,0.13,0.58,1.08,borrego,6.6
19.19,0.1,0.59,0.86,borrego,6.6
19.51,0.12,0.6,0.97,borrego,6.6
19.84,0.13,0.61,1.09,borrego,6.6
20.16,0.15,0.62,1.23,borrego,6.6
20.49,0.17,0.63,1.38,borrego,6.6
20.81,0.18,0.64,1.52,borrego,6.6
21.14,0.19,0.65,1.57,borrego,6.6
21.46,0.18,0.66,1.51,borrego,6.6
21.79,0.16,0.67,1.35,borrego,6.6
22.11,0.13,0.68,1.08,borrego,6.6
22.44,0.1,0.69,0.82,borrego,6.6
22.76,0.07,0.7,0.59,borrego,6.6
23.09,0.04,0.71,0.31,borrego,6.6
23.41,0.01,0.72,0.12,borrego,6.6
23.74,0.01,0.73,0.09,borrego,6.6
24.06,0.01,0.74,0.08,borrego,6.6
24.39,0.01,0.75,0.06,borrego,6.6
24.72,0.0,0.76,0.02,borrego,6.6
25.04,0.0,0.77,0.0,borrego,6.6
25.37,0.0,0.78,0.0,borrego,6.6
25.69,0.0,0.79,0.0,borrego,6.6
26.02,0.0,0.8,0.02,borrego,6.6
26.34,0.0,0.81,0.02,borrego,6.6
26.67,0.0,0.82,0.02,borrego,6.6
26.99,0.0,0.83,0.03,borrego,6.6
27.32,0.01,0.84,0.08,borrego,6.6
27.64,0.01,0.85,0.12,borrego,6.6
27.97,0.02,0.86,0.15,borrego,6.6
28.29,0.02,0.87,0.14,borrego,6.6
28.62,0.03,0.88,0.29,borrego,6.6
28.94,0.05,0.89,0.39,borrego,6.6
29.27,0.03,0.9,0.23,borrego,6.6
29.59,0.06,0.91,0.48,borrego,6.6
29.92,0.02,0.92,0.18,borrego,6.6
30.24,0.0,0.93,0.01,borrego,6.6
30.57,0.0,0.94,0.02,borrego,6.6
30.89,0.01,0.95,0.1,borrego,6.6
31.22,0.01,0.96,0.11,borrego,6.6
31.54,0.01,0.97,0.07,borrego,6.6
31.87,0.01,0.98,0.07,borrego,6.6
32.19,0.01,0.99,0.04,borrego,6.6
32.52,0.0,1.0,0.0,borrego,6.6
0.0,0.0,0.0,0.0,edgecumbe,6.6
0.14,0.09,0.01,0.12,edgecumbe,6.6
0.28,0.17,0.02,0.23,edgecumbe,6.6
0.42,0.26,0.03,0.35,edgecumbe,6.6
0.56,0.34,0.04,0.47,edgecumbe,6.6
0.7,0.43,0.05,0.58,edgecumbe,6.6
0.84,0.51,0.06,0.7,edgecumbe,6.6
0.98,0.6,0.07,0.82,edgecumbe,6.6
1.12,0.6,0.08,0.82,edgecumbe,6.6
1.26,0.63,0.09,0.86,edgecumbe,6.6
1.4,0.7,0.1,0.95,edgecumbe,6.6
1.54,0.76,0.11,1.05,edgecumbe,6.6
1.68,0.82,0.12,1.13,edgecumbe,6.6
1.82,0.9,0.13,1.22,edgecumbe,6.6
1.96,0.98,0.14,1.34,edgecumbe,6.6
2.1,1.18,0.15,1.62,edgecumbe,6.6
2.24,1.04,0.16,1.43,edgecumbe,6.6
2.38,0.78,0.17,1.07,edgecumbe,6.6
2.52,0.52,0.18,0.71,edgecumbe,6.6
2.66,0.82,0.19,1.12,edgecumbe,6.6
2.8,1.52,0.2,2.07,edgecumbe,6.6
2.94,1.52,0.21,2.08,edgecumbe,6.6
3.08,1.53,0.22,2.09,edgecumbe,6.6
3.22,1.53,0.23,2.1,edgecumbe,6.6
3.36,1.55,0.24,2.12,edgecumbe,6.6
3.5,1.65,0.25,2.26,edgecumbe,6.6
3.64,1.81,0.26,2.48,edgecumbe,6.6
3.78,1.69,0.27,2.31,edgecumbe,6.6
3.92,1.73,0.28,2.37,edgecumbe,6.6
4.06,2.09,0.29,2.86,edgecumbe,6.6
4.2,2.26,0.3,3.1,edgecumbe,6.6
4.34,1.96,0.31,2.69,edgecumbe,6.6
4.48,1.63,0.32,2.24,edgecumbe,6.6
4.62,1.33,0.33,1.82,edgecumbe,6.6
4.76,1.03,0.34,1.41,edgecumbe,6.6
4.9,0.7,0.35,0.95,edgecumbe,6.6
5.04,0.39,0.36,0.53,edgecumbe,6.6
5.18,0.38,0.37,0.52,edgecumbe,6.6
5.32,0.57,0.38,0.78,edgecumbe,6.6
5.46,0.75,0.39,1.03,edgecumbe,6.6
5.6,0.94,0.4,1.29,edgecumbe,6.6
5.74,1.12,0.41,1.54,edgecumbe,6.6
5.88,1.27,0.42,1.74,edgecumbe,6.6
6.02,1.26,0.43,1.73,edgecumbe,6.6
6.16,1.22,0.44,1.67,edgecumbe,6.6
6.3,1.18,0.45,1.61,edgecumbe,6.6
6.44,1.14,0.46,1.56,edgecumbe,6.6
6.58,1.1,0.47,1.51,edgecumbe,6.6
6.72,1.06,0.48,1.45,edgecumbe,6.6
6.86,1.02,0.49,1.4,edgecumbe,6.6
7.0,0.98,0.5,1.34,edgecumbe,6.6
7.14,0.94,0.51,1.29,edgecumbe,6.6
7.28,0.9,0.52,1.23,edgecumbe,6.6
7.42,0.86,0.53,1.18,edgecumbe,6.6
7.56,0.82,0.54,1.12,edgecumbe,6.6
7.7,0.78,0.55,1.07,edgecumbe,6.6
7.84,0.74,0.56,1.02,edgecumbe,6.6
7.98,0.7,0.57,0.96,edgecumbe,6.6
8.12,0.66,0.58,0.91,edgecumbe,6.6
8.26,0.62,0.59,0.85,edgecumbe,6.6
8.4,0.59,0.6,0.8,edgecumbe,6.6
8.54,0.54,0.61,0.75,edgecumbe,6.6
8.68,0.51,0.62,0.69,edgecumbe,6.6
8.82,0.49,0.63,0.67,edgecumbe,6.6
8.96,0.47,0.64,0.65,edgecumbe,6.6
9.1,0.47,0.65,0.65,edgecumbe,6.6
9.24,0.46,0.66,0.63,edgecumbe,6.6
9.38,0.46,0.67,0.63,edgecumbe,6.6
9.52,0.45,0.68,0.62,edgecumbe,6.6
9.66,0.45,0.69,0.61,edgecumbe,6.6
9.8,0.44,0.7,0.6,edgecumbe,6.6
9.94,0.43,0.71,0.59,edgecumbe,6.6
10.08,0.43,0.72,0.59,edgecumbe,6.6
10.22,0.42,0.73,0.57,edgecumbe,6.6
10.36,0.42,0.74,0.57,edgecumbe,6.6
10.5,0.41,0.75,0.56,edgecumbe,6.6
10.64,0.4,0.76,0.55,edgecumbe,6.6
10.78,0.39,0.77,0.54,edgecumbe,6.6
10.92,0.38,0.78,0.52,edgecumbe,6.6
11.06,0.38,0.79,0.51,edgecumbe,6.6
11.2,0.37,0.8,0.5,edgecumbe,6.6
11.34,0.36,0.81,0.49,edgecumbe,6.6
11.48,0.35,0.82,0.48,edgecumbe,6.6
11.62,0.34,0.83,0.47,edgecumbe,6.6
11.76,0.34,0.84,0.46,edgecumbe,6.6
11.9,0.33,0.85,0.45,edgecumbe,6.6
12.04,0.32,0.86,0.43,edgecumbe,6.6
12.18,0.31,0.87,0.42,edgecumbe,6.6
12.32,0.3,0.88,0.41,edgecumbe,6.6
12.46,0.29,0.89,0.4,edgecumbe,6.6
12.6,0.25,0.9,0.34,edgecumbe,6.6
12.74,0.19,0.91,0.26,edgecumbe,6.6
12.88,0.11,0.92,0.15,edgecumbe,6.6
13.02,0.14,0.93,0.19,edgecumbe,6.6
13.16,0.22,0.94,0.31,edgecumbe,6.6
13.3,0.23,0.95,0.32,edgecumbe,6.6
13.44,0.16,0.96,0.22,edgecumbe,6.6
13.58,0.12,0.97,0.16,edgecumbe,6.6
13.72,0.18,0.98,0.25,edgecumbe,6.6
13.86,0.1,0.99,0.14,edgecumbe,6.6
14.0,0.0,1.0,0.0,edgecumbe,6.6
0.0,0.1,0.0,0.0,erzincan,7.9
3.6,0.2,0.01,0.06,erzincan,7.9
7.2,0.25,0.02,0.08,erzincan,7.9
10.8,0.3,0.03,0.09,erzincan,7.9
14.4,0.41,0.04,0.13,erzincan,7.9
18.0,0.51,0.05,0.16,erzincan,7.9
21.6,0.61,0.06,0.19,erzincan,7.9
25.2,0.66,0.07,0.21,erzincan,7.9
28.8,0.71,0.08,0.22,erzincan,7.9
32.4,0.81,0.09,0.25,erzincan,7.9
36.0,0.94,0.1,0.29,erzincan,7.9
39.6,1.01,0.11,0.32,erzincan,7.9
43.3,1.12,0.12,0.35,erzincan,7.9
46.9,1.23,0.13,0.38,erzincan,7.9
50.5,1.34,0.14,0.42,erzincan,7.9
54.1,1.45,0.15,0.45,erzincan,7.9
57.7,1.57,0.16,0.49,erzincan,7.9
61.3,1.68,0.17,0.52,erzincan,7.9
64.9,1.8,0.18,0.56,erzincan,7.9
68.5,1.91,0.19,0.6,erzincan,7.9
72.1,2.03,0.2,0.63,erzincan,7.9
75.7,2.14,0.21,0.67,erzincan,7.9
79.3,2.26,0.22,0.7,erzincan,7.9
82.9,2.37,0.23,0.74,erzincan,7.9
86.5,2.49,0.24,0.78,erzincan,7.9
90.1,2.6,0.25,0.81,erzincan,7.9
93.7,2.71,0.26,0.85,erzincan,7.9
97.3,2.81,0.27,0.88,erzincan,7.9
100.9,2.91,0.28,0.91,erzincan,7.9
104.5,3.0,0.29,0.94,erzincan,7.9
108.1,3.1,0.3,0.97,erzincan,7.9
111.7,3.19,0.31,0.99,erzincan,7.9
115.3,3.28,0.32,1.02,erzincan,7.9
118.9,3.38,0.33,1.05,erzincan,7.9
122.5,3.47,0.34,1.08,erzincan,7.9
126.1,3.56,0.35,1.11,erzincan,7.9
129.7,3.65,0.36,1.14,erzincan,7.9
133.4,3.74,0.37,1.17,erzincan,7.9
137.0,3.83,0.38,1.19,erzincan,7.9
140.6,3.81,0.39,1.19,erzincan,7.9
144.2,3.72,0.4,1.16,erzincan,7.9
147.8,3.65,0.41,1.14,erzincan,7.9
151.4,3.57,0.42,1.11,erzincan,7.9
155.0,3.5,0.43,1.09,erzincan,7.9
158.6,3.61,0.44,1.13,erzincan,7.9
162.2,3.79,0.45,1.18,erzincan,7.9
165.8,3.96,0.46,1.24,erzincan,7.9
169.4,4.14,0.47,1.29,erzincan,7.9
173.0,4.31,0.48,1.34,erzincan,7.9
176.6,4.49,0.49,1.4,erzincan,7.9
180.2,4.69,0.5,1.46,erzincan,7.9
183.8,6.14,0.51,1.92,erzincan,7.9
187.4,7.0,0.52,2.18,erzincan,7.9
191.0,6.16,0.53,1.92,erzincan,7.9
194.6,5.43,0.54,1.69,erzincan,7.9
198.2,5.48,0.55,1.71,erzincan,7.9
201.8,5.65,0.56,1.76,erzincan,7.9
205.4,5.82,0.57,1.81,erzincan,7.9
209.0,5.98,0.58,1.87,erzincan,7.9
212.6,6.16,0.59,1.92,erzincan,7.9
216.2,6.28,0.6,1.96,erzincan,7.9
219.8,6.08,0.61,1.9,erzincan,7.9
223.5,5.83,0.62,1.82,erzincan,7.9
227.1,5.44,0.63,1.7,erzincan,7.9
230.7,5.16,0.64,1.61,erzincan,7.9
234.3,6.64,0.65,2.07,erzincan,7.9
237.9,7.1,0.66,2.21,erzincan,7.9
241.5,7.28,0.67,2.27,erzincan,7.9
245.1,7.08,0.68,2.21,erzincan,7.9
248.7,6.36,0.69,1.98,erzincan,7.9
252.3,5.99,0.7,1.87,erzincan,7.9
255.9,5.91,0.71,1.84,erzincan,7.9
259.5,5.86,0.72,1.83,erzincan,7.9
263.1,6.0,0.73,1.87,erzincan,7.9
266.7,5.87,0.74,1.83,erzincan,7.9
270.3,5.9,0.75,1.84,erzincan,7.9
273.9,6.0,0.76,1.87,erzincan,7.9
277.5,6.09,0.77,1.9,erzincan,7.9
281.1,6.19,0.78,1.93,erzincan,7.9
284.7,6.24,0.79,1.95,erzincan,7.9
288.3,3.46,0.8,1.08,erzincan,7.9
291.9,2.21,0.81,0.69,erzincan,7.9
295.5,3.75,0.82,1.17,erzincan,7.9
299.1,4.04,0.83,1.26,erzincan,7.9
302.7,2.19,0.84,0.68,erzincan,7.9
306.3,0.78,0.85,0.24,erzincan,7.9
309.9,0.68,0.86,0.21,erzincan,7.9
313.6,0.62,0.87,0.19,erzincan,7.9
317.2,0.57,0.88,0.18,erzincan,7.9
320.8,0.52,0.89,0.16,erzincan,7.9
324.4,0.47,0.9,0.15,erzincan,7.9
328.0,0.42,0.91,0.13,erzincan,7.9
331.6,0.37,0.92,0.11,erzincan,7.9
335.2,0.31,0.93,0.1,erzincan,7.9
338.8,0.26,0.94,0.08,erzincan,7.9
342.4,0.21,0.95,0.07,erzincan,7.9
346.0,0.16,0.96,0.05,erzincan,7.9
349.6,0.11,0.97,0.03,erzincan,7.9
353.2,0.06,0.98,0.02,erzincan,7.9
356.8,0.01,0.99,0.0,erzincan,7.9
360.4,0.0,1.0,0.0,erzincan,7.9
0.0,0.0,0.0,0.0,fu_yun,8.0
1.6,0.01,0.01,0.005,fu_yun,8.0
3.2,0.03,0.02,0.01,fu_yun,8.0
4.8,0.07,0.03,0.02,fu_yun,8.0
6.4,0.11,0.04,0.02,fu_yun,8.0
8.0,0.14,0.05,0.03,fu_yun,8.0
9.6,0.19,0.06,0.04,fu_yun,8.0
11.2,0.22,0.07,0.05,fu_yun,8.0
12.8,0.26,0.08,0.06,fu_yun,8.0
14.4,0.3,0.09,0.06,fu_yun,8.0
16.0,0.34,0.1,0.07,fu_yun,8.0
17.6,0.37,0.11,0.08,fu_yun,8.0
19.2,0.4,0.12,0.08,fu_yun,8.0
20.8,0.45,0.13,0.09,fu_yun,8.0
22.4,0.49,0.14,0.1,fu_yun,8.0
24.0,0.52,0.15,0.11,fu_yun,8.0
25.6,0.56,0.16,0.12,fu_yun,8.0
27.2,0.6,0.17,0.13,fu_yun,8.0
28.8,0.64,0.18,0.13,fu_yun,8.0
30.4,0.67,0.19,0.14,fu_yun,8.0
32.0,0.71,0.2,0.15,fu_yun,8.0
33.6,0.76,0.21,0.16,fu_yun,8.0
35.2,0.79,0.22,0.17,fu_yun,8.0
36.8,0.82,0.23,0.17,fu_yun,8.0
38.4,0.86,0.24,0.18,fu_yun,8.0
40.0,0.9,0.25,0.19,fu_yun,8.0
41.6,0.94,0.26,0.2,fu_yun,8.0
43.2,1.24,0.27,0.26,fu_yun,8.0
44.7,2.49,0.28,0.52,fu_yun,8.0
46.3,3.74,0.29,0.79,fu_yun,8.0
47.9,4.54,0.3,0.96,fu_yun,8.0
49.5,4.86,0.31,1.03,fu_yun,8.0
51.1,5.2,0.32,1.1,fu_yun,8.0
52.7,5.77,0.33,1.22,fu_yun,8.0
54.3,6.37,0.34,1.34,fu_yun,8.0
55.9,6.75,0.35,1.42,fu_yun,8.0
57.5,7.23,0.36,1.52,fu_yun,8.0
59.1,8.77,0.37,1.85,fu_yun,8.0
60.7,10.42,0.38,2.2,fu_yun,8.0
62.3,10.25,0.39,2.16,fu_yun,8.0
63.9,9.03,0.4,1.91,fu_yun,8.0
65.5,8.87,0.41,1.87,fu_yun,8.0
67.1,10.25,0.42,2.16,fu_yun,8.0
68.7,12.51,0.43,2.64,fu_yun,8.0
70.3,7.93,0.44,1.67,fu_yun,8.0
71.9,7.6,0.45,1.6,fu_yun,8.0
73.5,7.44,0.46,1.57,fu_yun,8.0
75.1,7.29,0.47,1.54,fu_yun,8.0
76.7,7.14,0.48,1.51,fu_yun,8.0
78.3,7.16,0.49,1.51,fu_yun,8.0
79.9,8.13,0.5,1.71,fu_yun,8.0
81.5,9.25,0.51,1.95,fu_yun,8.0
83.1,9.72,0.52,2.05,fu_yun,8.0
84.7,8.1,0.53,1.71,fu_yun,8.0
86.3,6.55,0.54,1.38,fu_yun,8.0
87.9,6.36,0.55,1.34,fu_yun,8.0
89.5,7.28,0.56,1.54,fu_yun,8.0
91.1,6.93,0.57,1.46,fu_yun,8.0
92.7,6.5,0.58,1.37,fu_yun,8.0
94.3,6.1,0.59,1.29,fu_yun,8.0
95.9,5.99,0.6,1.26,fu_yun,8.0
97.5,5.99,0.61,1.26,fu_yun,8.0
99.1,5.99,0.62,1.26,fu_yun,8.0
100.7,5.99,0.63,1.26,fu_yun,8.0
102.3,5.99,0.64,1.26,fu_yun,8.0
103.9,5.8,0.65,1.22,fu_yun,8.0
105.5,5.49,0.66,1.16,fu_yun,8.0
107.1,4.96,0.67,1.05,fu_yun,8.0
108.7,4.41,0.68,0.93,fu_yun,8.0
110.3,3.85,0.69,0.81,fu_yun,8.0
111.9,3.3,0.7,0.7,fu_yun,8.0
113.5,3.69,0.71,0.78,fu_yun,8.0
115.1,5.21,0.72,1.1,fu_yun,8.0
116.7,6.48,0.73,1.37,fu_yun,8.0
118.3,5.31,0.74,1.12,fu_yun,8.0
119.9,6.1,0.75,1.29,fu_yun,8.0
121.5,6.9,0.76,1.46,fu_yun,8.0
123.1,7.47,0.77,1.58,fu_yun,8.0
124.6,7.84,0.78,1.65,fu_yun,8.0
126.2,7.49,0.79,1.58,fu_yun,8.0
127.8,7.14,0.8,1.51,fu_yun,8.0
129.4,7.0,0.81,1.48,fu_yun,8.0
131.0,6.91,0.82,1.46,fu_yun,8.0
132.6,6.13,0.83,1.29,fu_yun,8.0
134.2,5.92,0.84,1.25,fu_yun,8.0
135.8,7.15,0.85,1.51,fu_yun,8.0
137.4,7.23,0.86,1.53,fu_yun,8.0
139.0,6.98,0.87,1.47,fu_yun,8.0
140.6,6.69,0.88,1.41,fu_yun,8.0
142.2,6.38,0.89,1.35,fu_yun,8.0
143.8,6.08,0.9,1.28,fu_yun,8.0
145.4,5.77,0.91,1.22,fu_yun,8.0
147.0,5.52,0.92,1.17,fu_yun,8.0
148.6,5.34,0.93,1.13,fu_yun,8.0
150.2,5.13,0.94,1.08,fu_yun,8.0
151.8,3.49,0.95,0.74,fu_yun,8.0
153.4,2.21,0.96,0.47,fu_yun,8.0
155.0,2.59,0.97,0.55,fu_yun,8.0
156.6,2.96,0.98,0.62,fu_yun,8.0
158.2,3.29,0.99,0.69,fu_yun,8.0
159.8,0.0,1.0,0.0,fu_yun,8.0
0.0,0.0,0.0,0.0,hebgen_lake,7.3
0.31,0.11,0.01,0.06,hebgen_lake,7.3
0.62,0.23,0.02,0.13,hebgen_lake,7.3
0.93,0.69,0.03,0.38,hebgen_lake,7.3
1.24,1.15,0.04,0.64,hebgen_lake,7.3
1.55,1.15,0.05,0.64,hebgen_lake,7.3
1.86,1.15,0.06,0.64,hebgen_lake,7.3
2.17,1.15,0.07,0.64,hebgen_lake,7.3
2.49,1.61,0.08,0.89,hebgen_lake,7.3
2.8,1.61,0.09,0.89,hebgen_lake,7.3
3.11,2.07,0.1,1.15,hebgen_lake,7.3
3.42,2.07,0.11,1.15,hebgen_lake,7.3
3.73,2.53,0.12,1.4,hebgen_lake,7.3
4.04,2.53,0.13,1.4,hebgen_lake,7.3
4.35,2.71,0.14,1.5,hebgen_lake,7.3
4.66,2.44,0.15,1.35,hebgen_lake,7.3
4.97,1.91,0.16,1.06,hebgen_lake,7.3
5.28,2.24,0.17,1.24,hebgen_lake,7.3
5.59,3.08,0.18,1.71,hebgen_lake,7.3
5.9,2.76,0.19,1.53,hebgen_lake,7.3
6.21,2.74,0.2,1.52,hebgen_lake,7.3
6.52,3.47,0.21,1.92,hebgen_lake,7.3
6.84,4.25,0.22,2.36,hebgen_lake,7.3
7.15,5.0,0.23,2.77,hebgen_lake,7.3
7.46,5.18,0.24,2.87,hebgen_lake,7.3
7.77,4.39,0.25,2.43,hebgen_lake,7.3
8.08,3.52,0.26,1.95,hebgen_lake,7.3
8.39,2.66,0.27,1.47,hebgen_lake,7.3
8.7,1.78,0.28,0.99,hebgen_lake,7.3
9.01,0.98,0.29,0.54,hebgen_lake,7.3
9.32,1.44,0.3,0.8,hebgen_lake,7.3
9.63,2.34,0.31,1.3,hebgen_lake,7.3
9.94,2.1,0.32,1.17,hebgen_lake,7.3
10.25,1.15,0.33,0.64,hebgen_lake,7.3
10.56,0.63,0.34,0.35,hebgen_lake,7.3
10.87,1.3,0.35,0.72,hebgen_lake,7.3
11.19,1.7,0.36,0.94,hebgen_lake,7.3
11.5,1.76,0.37,0.98,hebgen_lake,7.3
11.81,1.6,0.38,0.89,hebgen_lake,7.3
12.12,1.42,0.39,0.79,hebgen_lake,7.3
12.43,1.26,0.4,0.7,hebgen_lake,7.3
12.74,1.33,0.41,0.74,hebgen_lake,7.3
13.05,1.45,0.42,0.8,hebgen_lake,7.3
13.36,1.46,0.43,0.81,hebgen_lake,7.3
13.67,1.35,0.44,0.75,hebgen_lake,7.3
13.98,1.23,0.45,0.68,hebgen_lake,7.3
14.29,1.09,0.46,0.61,hebgen_lake,7.3
14.6,0.97,0.47,0.54,hebgen_lake,7.3
14.91,0.86,0.48,0.48,hebgen_lake,7.3
15.22,0.79,0.49,0.44,hebgen_lake,7.3
15.54,0.7,0.5,0.39,hebgen_lake,7.3
15.85,0.64,0.51,0.35,hebgen_lake,7.3
16.16,0.53,0.52,0.29,hebgen_lake,7.3
16.47,0.4,0.53,0.22,hebgen_lake,7.3
16.78,0.35,0.54,0.19,hebgen_lake,7.3
17.09,0.51,0.55,0.28,hebgen_lake,7.3
17.4,1.68,0.56,0.93,hebgen_lake,7.3
17.71,3.82,0.57,2.12,hebgen_lake,7.3
18.02,4.43,0.58,2.45,hebgen_lake,7.3
18.33,4.32,0.59,2.4,hebgen_lake,7.3
18.64,4.41,0.6,2.44,hebgen_lake,7.3
18.95,4.47,0.61,2.48,hebgen_lake,7.3
19.26,4.16,0.62,2.31,hebgen_lake,7.3
19.57,3.75,0.63,2.08,hebgen_lake,7.3
19.88,3.74,0.64,2.07,hebgen_lake,7.3
20.2,3.81,0.65,2.12,hebgen_lake,7.3
20.51,3.33,0.66,1.85,hebgen_lake,7.3
20.82,2.41,0.67,1.34,hebgen_lake,7.3
21.13,1.61,0.68,0.89,hebgen_lake,7.3
21.44,1.41,0.69,0.78,hebgen_lake,7.3
21.75,1.34,0.7,0.75,hebgen_lake,7.3
22.06,1.28,0.71,0.71,hebgen_lake,7.3
22.37,1.22,0.72,0.67,hebgen_lake,7.3
22.68,1.15,0.73,0.64,hebgen_lake,7.3
22.99,1.09,0.74,0.61,hebgen_lake,7.3
23.3,1.03,0.75,0.57,hebgen_lake,7.3
23.61,0.96,0.76,0.53,hebgen_lake,7.3
23.92,0.89,0.77,0.49,hebgen_lake,7.3
24.23,0.83,0.78,0.46,hebgen_lake,7.3
24.55,0.76,0.79,0.42,hebgen_lake,7.3
24.86,0.7,0.8,0.39,hebgen_lake,7.3
25.17,0.64,0.81,0.35,hebgen_lake,7.3
25.48,0.57,0.82,0.32,hebgen_lake,7.3
25.79,0.5,0.83,0.28,hebgen_lake,7.3
26.1,0.44,0.84,0.25,hebgen_lake,7.3
26.41,0.38,0.85,0.21,hebgen_lake,7.3
26.72,0.32,0.86,0.18,hebgen_lake,7.3
27.03,1.08,0.87,0.6,hebgen_lake,7.3
27.34,2.53,0.88,1.4,hebgen_lake,7.3
27.65,2.28,0.89,1.27,hebgen_lake,7.3
27.96,2.48,0.9,1.38,hebgen_lake,7.3
28.27,2.55,0.91,1.41,hebgen_lake,7.3
28.58,2.18,0.92,1.21,hebgen_lake,7.3
28.9,1.77,0.93,0.98,hebgen_lake,7.3
29.21,1.39,0.94,0.77,hebgen_lake,7.3
29.52,1.14,0.95,0.63,hebgen_lake,7.3
29.83,1.58,0.96,0.88,hebgen_lake,7.3
30.14,1.28,0.97,0.71,hebgen_lake,7.3
30.45,0.8,0.98,0.44,hebgen_lake,7.3
30.76,0.42,0.99,0.23,hebgen_lake,7.3
31.07,0.0,1.0,0.0,hebgen_lake,7.3
0.0,0.0,0.0,0.0,imp_valley,6.6
0.31,0.07,0.01,0.17,imp_valley,6.6
0.62,0.14,0.02,0.36,imp_valley,6.6
0.93,0.21,0.03,0.53,imp_valley,6.6
1.24,0.55,0.04,1.41,imp_valley,6.6
1.54,0.65,0.05,1.66,imp_valley,6.6
1.85,0.7,0.06,1.78,imp_valley,6.6
2.16,0.75,0.07,1.9,imp_valley,6.6
2.47,0.76,0.08,1.93,imp_valley,6.6
2.78,0.7,0.09,1.78,imp_valley,6.6
3.09,0.65,0.1,1.64,imp_valley,6.6
3.4,0.63,0.11,1.6,imp_valley,6.6
3.71,0.63,0.12,1.6,imp_valley,6.6
4.02,0.63,0.13,1.6,imp_valley,6.6
4.32,0.64,0.14,1.62,imp_valley,6.6
4.63,0.7,0.15,1.78,imp_valley,6.6
4.94,0.73,0.16,1.85,imp_valley,6.6
5.25,0.67,0.17,1.7,imp_valley,6.6
5.56,0.66,0.18,1.69,imp_valley,6.6
5.87,0.71,0.19,1.79,imp_valley,6.6
6.18,0.76,0.2,1.92,imp_valley,6.6
6.49,0.74,0.21,1.88,imp_valley,6.6
6.8,0.61,0.22,1.56,imp_valley,6.6
7.1,0.59,0.23,1.51,imp_valley,6.6
7.41,0.62,0.24,1.59,imp_valley,6.6
7.72,0.58,0.25,1.48,imp_valley,6.6
8.03,0.54,0.26,1.38,imp_valley,6.6
8.34,0.56,0.27,1.44,imp_valley,6.6
8.65,0.65,0.28,1.64,imp_valley,6.6
8.96,0.72,0.29,1.84,imp_valley,6.6
9.27,0.72,0.3,1.83,imp_valley,6.6
9.58,0.68,0.31,1.74,imp_valley,6.6
9.88,0.67,0.32,1.72,imp_valley,6.6
10.19,0.65,0.33,1.66,imp_valley,6.6
10.5,0.59,0.34,1.5,imp_valley,6.6
10.81,0.57,0.35,1.44,imp_valley,6.6
11.12,0.59,0.36,1.5,imp_valley,6.6
11.43,0.58,0.37,1.48,imp_valley,6.6
11.74,0.58,0.38,1.49,imp_valley,6.6
12.05,0.54,0.39,1.37,imp_valley,6.6
12.36,0.47,0.4,1.2,imp_valley,6.6
12.66,0.47,0.41,1.2,imp_valley,6.6
12.97,0.48,0.42,1.23,imp_valley,6.6
13.28,0.47,0.43,1.21,imp_valley,6.6
13.59,0.45,0.44,1.14,imp_valley,6.6
13.9,0.41,0.45,1.05,imp_valley,6.6
14.21,0.36,0.46,0.92,imp_valley,6.6
14.52,0.31,0.47,0.79,imp_valley,6.6
14.83,0.36,0.48,0.92,imp_valley,6.6
15.14,0.46,0.49,1.16,imp_valley,6.6
15.45,0.51,0.5,1.3,imp_valley,6.6
15.75,0.51,0.51,1.29,imp_valley,6.6
16.06,0.49,0.52,1.25,imp_valley,6.6
16.37,0.48,0.53,1.22,imp_valley,6.6
16.68,0.46,0.54,1.18,imp_valley,6.6
16.99,0.45,0.55,1.14,imp_valley,6.6
17.3,0.43,0.56,1.1,imp_valley,6.6
17.61,0.42,0.57,1.06,imp_valley,6.6
17.92,0.4,0.58,1.01,imp_valley,6.6
18.23,0.38,0.59,0.96,imp_valley,6.6
18.53,0.36,0.6,0.92,imp_valley,6.6
18.84,0.35,0.61,0.9,imp_valley,6.6
19.15,0.35,0.62,0.88,imp_valley,6.6
19.46,0.34,0.63,0.86,imp_valley,6.6
19.77,0.33,0.64,0.84,imp_valley,6.6
20.08,0.32,0.65,0.8,imp_valley,6.6
20.39,0.3,0.66,0.77,imp_valley,6.6
20.7,0.29,0.67,0.74,imp_valley,6.6
21.01,0.28,0.68,0.72,imp_valley,6.6
21.31,0.28,0.69,0.71,imp_valley,6.6
21.62,0.28,0.7,0.71,imp_valley,6.6
21.93,0.27,0.71,0.69,imp_valley,6.6
22.24,0.25,0.72,0.64,imp_valley,6.6
22.55,0.23,0.73,0.6,imp_valley,6.6
22.86,0.22,0.74,0.56,imp_valley,6.6
23.17,0.22,0.75,0.55,imp_valley,6.6
23.48,0.21,0.76,0.54,imp_valley,6.6
23.79,0.21,0.77,0.54,imp_valley,6.6
24.09,0.21,0.78,0.53,imp_valley,6.6
24.4,0.21,0.79,0.52,imp_valley,6.6
24.71,0.2,0.8,0.52,imp_valley,6.6
25.02,0.2,0.81,0.5,imp_valley,6.6
25.33,0.17,0.82,0.44,imp_valley,6.6
25.64,0.15,0.83,0.38,imp_valley,6.6
25.95,0.13,0.84,0.32,imp_valley,6.6
26.26,0.1,0.85,0.25,imp_valley,6.6
26.57,0.08,0.86,0.19,imp_valley,6.6
26.87,0.05,0.87,0.13,imp_valley,6.6
27.18,0.03,0.88,0.07,imp_valley,6.6
27.49,0.02,0.89,0.06,imp_valley,6.6
27.8,0.02,0.9,0.05,imp_valley,6.6
28.11,0.03,0.91,0.07,imp_valley,6.6
28.42,0.03,0.92,0.09,imp_valley,6.6
28.73,0.04,0.93,0.11,imp_valley,6.6
29.04,0.05,0.94,0.12,imp_valley,6.6
29.35,0.05,0.95,0.13,imp_valley,6.6
29.65,0.05,0.96,0.13,imp_valley,6.6
29.96,0.04,0.97,0.11,imp_valley,6.6
30.27,0.03,0.98,0.07,imp_valley,6.6
30.58,0.02,0.99,0.06,imp_valley,6.6
30.89,0.0,1.0,0.0,imp_valley,6.6
0.0,0.0,0.0,0.0,kern,7.2
0.34,0.045,0.01,0.1,kern,7.2
0.69,0.09,0.02,0.2,kern,7.2
1.03,0.1,0.03,0.24,kern,7.2
1.37,0.1,0.04,0.23,kern,7.2
1.72,0.08,0.05,0.18,kern,7.2
2.06,0.06,0.06,0.13,kern,7.2
2.4,0.05,0.07,0.11,kern,7.2
2.74,0.08,0.08,0.2,kern,7.2
3.09,0.12,0.09,0.29,kern,7.2
3.43,0.14,0.1,0.32,kern,7.2
3.77,0.14,0.11,0.34,kern,7.2
4.12,0.15,0.12,0.35,kern,7.2
4.46,0.16,0.13,0.38,kern,7.2
4.8,0.17,0.14,0.41,kern,7.2
5.15,0.18,0.15,0.44,kern,7.2
5.49,0.2,0.16,0.47,kern,7.2
5.83,0.21,0.17,0.5,kern,7.2
6.18,0.23,0.18,0.54,kern,7.2
6.52,0.24,0.19,0.57,kern,7.2
6.86,0.25,0.2,0.6,kern,7.2
7.21,0.27,0.21,0.64,kern,7.2
7.55,0.28,0.22,0.67,kern,7.2
7.89,0.27,0.23,0.65,kern,7.2
8.23,0.24,0.24,0.56,kern,7.2
8.58,0.2,0.25,0.48,kern,7.2
8.92,0.17,0.26,0.4,kern,7.2
9.26,0.13,0.27,0.32,kern,7.2
9.61,0.1,0.28,0.23,kern,7.2
9.95,0.06,0.29,0.15,kern,7.2
10.29,0.03,0.3,0.07,kern,7.2
10.64,0.03,0.31,0.07,kern,7.2
10.98,0.04,0.32,0.1,kern,7.2
11.32,0.05,0.33,0.13,kern,7.2
11.67,0.07,0.34,0.16,kern,7.2
12.01,0.09,0.35,0.21,kern,7.2
12.35,0.22,0.36,0.52,kern,7.2
12.69,0.46,0.37,1.09,kern,7.2
13.04,0.73,0.38,1.73,kern,7.2
13.38,0.95,0.39,2.25,kern,7.2
13.72,1.02,0.4,2.44,kern,7.2
14.07,1.07,0.41,2.54,kern,7.2
14.41,1.07,0.42,2.55,kern,7.2
14.75,0.88,0.43,2.1,kern,7.2
15.1,0.65,0.44,1.54,kern,7.2
15.44,0.5,0.45,1.2,kern,7.2
15.78,0.66,0.46,1.57,kern,7.2
16.13,0.87,0.47,2.07,kern,7.2
16.47,1.05,0.48,2.49,kern,7.2
16.81,1.11,0.49,2.65,kern,7.2
17.16,1.12,0.5,2.65,kern,7.2
17.5,1.12,0.51,2.65,kern,7.2
17.84,1.12,0.52,2.65,kern,7.2
18.18,1.12,0.53,2.65,kern,7.2
18.53,1.12,0.54,2.65,kern,7.2
18.87,1.1,0.55,2.62,kern,7.2
19.21,1.08,0.56,2.56,kern,7.2
19.56,1.05,0.57,2.49,kern,7.2
19.9,1.02,0.58,2.42,kern,7.2
20.24,0.99,0.59,2.35,kern,7.2
20.59,0.96,0.6,2.29,kern,7.2
20.93,0.94,0.61,2.22,kern,7.2
21.27,0.91,0.62,2.16,kern,7.2
21.62,0.87,0.63,2.08,kern,7.2
21.96,0.76,0.64,1.8,kern,7.2
22.3,0.61,0.65,1.45,kern,7.2
22.64,0.54,0.66,1.28,kern,7.2
22.99,0.48,0.67,1.15,kern,7.2
23.33,0.42,0.68,1.01,kern,7.2
23.67,0.37,0.69,0.88,kern,7.2
24.02,0.31,0.7,0.74,kern,7.2
24.36,0.26,0.71,0.61,kern,7.2
24.7,0.22,0.72,0.52,kern,7.2
25.05,0.21,0.73,0.49,kern,7.2
25.39,0.2,0.74,0.48,kern,7.2
25.73,0.19,0.75,0.45,kern,7.2
26.08,0.18,0.76,0.43,kern,7.2
26.42,0.17,0.77,0.41,kern,7.2
26.76,0.17,0.78,0.39,kern,7.2
27.1,0.17,0.79,0.41,kern,7.2
27.45,0.18,0.8,0.43,kern,7.2
27.79,0.19,0.81,0.45,kern,7.2
28.13,0.2,0.82,0.47,kern,7.2
28.48,0.21,0.83,0.5,kern,7.2
28.82,0.22,0.84,0.52,kern,7.2
29.16,0.23,0.85,0.56,kern,7.2
29.51,0.28,0.86,0.66,kern,7.2
29.85,0.33,0.87,0.78,kern,7.2
30.19,0.38,0.88,0.91,kern,7.2
30.54,0.44,0.89,1.03,kern,7.2
30.88,0.52,0.9,1.24,kern,7.2
31.22,0.75,0.91,1.78,kern,7.2
31.57,0.77,0.92,1.83,kern,7.2
31.91,0.38,0.93,0.9,kern,7.2
32.25,0.19,0.94,0.45,kern,7.2
32.59,0.22,0.95,0.53,kern,7.2
32.94,0.24,0.96,0.57,kern,7.2
33.28,0.21,0.97,0.51,kern,7.2
33.62,0.19,0.98,0.44,kern,7.2
33.97,0.17,0.99,0.4,kern,7.2
34.31,0.0,1.0,0.0,kern,7.2
0.0,0.0,0.0,0.0,landers,7.3
0.66,0.15,0.01,0.05,landers,7.3
1.32,0.35,0.02,0.13,landers,7.3
1.98,0.36,0.03,0.14,landers,7.3
2.64,0.44,0.04,0.17,landers,7.3
3.3,0.45,0.05,0.17,landers,7.3
3.96,0.58,0.06,0.22,landers,7.3
4.62,0.74,0.07,0.28,landers,7.3
5.28,0.79,0.08,0.3,landers,7.3
5.94,0.51,0.09,0.19,landers,7.3
6.6,0.03,0.1,0.01,landers,7.3
7.26,0.05,0.11,0.02,landers,7.3
7.92,0.41,0.12,0.15,landers,7.3
8.58,0.48,0.13,0.18,landers,7.3
9.24,0.56,0.14,0.21,landers,7.3
9.9,0.8,0.15,0.3,landers,7.3
10.56,1.08,0.16,0.4,landers,7.3
11.22,1.55,0.17,0.58,landers,7.3
11.88,2.05,0.18,0.77,landers,7.3
12.54,2.54,0.19,0.96,landers,7.3
13.2,3.1,0.2,1.16,landers,7.3
13.86,3.45,0.21,1.3,landers,7.3
14.52,3.78,0.22,1.42,landers,7.3
15.18,4.01,0.23,1.51,landers,7.3
15.84,4.21,0.24,1.58,landers,7.3
16.5,4.38,0.25,1.64,landers,7.3
17.16,4.47,0.26,1.68,landers,7.3
17.82,4.59,0.27,1.73,landers,7.3
18.48,4.8,0.28,1.8,landers,7.3
19.14,4.8,0.29,1.8,landers,7.3
19.8,4.18,0.3,1.57,landers,7.3
20.46,4.28,0.31,1.61,landers,7.3
21.12,4.59,0.32,1.72,landers,7.3
21.78,5.14,0.33,1.93,landers,7.3
22.44,5.62,0.34,2.11,landers,7.3
23.1,6.09,0.35,2.29,landers,7.3
23.76,6.42,0.36,2.41,landers,7.3
24.42,6.21,0.37,2.33,landers,7.3
25.08,5.86,0.38,2.2,landers,7.3
25.74,5.47,0.39,2.06,landers,7.3
26.4,5.02,0.4,1.89,landers,7.3
27.06,4.54,0.41,1.7,landers,7.3
27.72,4.29,0.42,1.61,landers,7.3
28.38,4.23,0.43,1.59,landers,7.3
29.04,4.4,0.44,1.65,landers,7.3
29.7,4.23,0.45,1.59,landers,7.3
30.36,3.55,0.46,1.33,landers,7.3
31.02,2.79,0.47,1.05,landers,7.3
31.68,2.47,0.48,0.93,landers,7.3
32.34,2.61,0.49,0.98,landers,7.3
33.0,2.73,0.5,1.03,landers,7.3
33.66,2.85,0.51,1.07,landers,7.3
34.32,2.87,0.52,1.08,landers,7.3
34.98,2.87,0.53,1.08,landers,7.3
35.64,2.93,0.54,1.1,landers,7.3
36.3,3.05,0.55,1.15,landers,7.3
36.96,3.05,0.56,1.15,landers,7.3
37.62,3.1,0.57,1.17,landers,7.3
38.28,3.1,0.58,1.17,landers,7.3
38.94,2.99,0.59,1.12,landers,7.3
39.6,2.86,0.6,1.07,landers,7.3
40.26,2.77,0.61,1.04,landers,7.3
40.92,2.77,0.62,1.04,landers,7.3
41.58,2.81,0.63,1.05,landers,7.3
42.24,2.85,0.64,1.07,landers,7.3
42.9,2.81,0.65,1.06,landers,7.3
43.56,2.63,0.66,0.99,landers,7.3
44.22,1.78,0.67,0.67,landers,7.3
44.88,0.92,0.68,0.35,landers,7.3
45.54,2.23,0.69,0.84,landers,7.3
46.2,3.38,0.7,1.27,landers,7.3
46.86,3.78,0.71,1.42,landers,7.3
47.52,3.7,0.72,1.39,landers,7.3
48.18,3.65,0.73,1.37,landers,7.3
48.84,3.71,0.74,1.39,landers,7.3
49.5,2.8,0.75,1.05,landers,7.3
50.16,1.24,0.76,0.46,landers,7.3
50.82,0.98,0.77,0.37,landers,7.3
51.48,1.25,0.78,0.47,landers,7.3
52.14,1.77,0.79,0.66,landers,7.3
52.8,2.16,0.8,0.81,landers,7.3
53.46,2.45,0.81,0.92,landers,7.3
54.12,2.55,0.82,0.96,landers,7.3
54.78,2.55,0.83,0.96,landers,7.3
55.44,2.55,0.84,0.96,landers,7.3
56.1,2.46,0.85,0.92,landers,7.3
56.76,2.28,0.86,0.86,landers,7.3
57.42,2.01,0.87,0.76,landers,7.3
58.08,1.7,0.88,0.64,landers,7.3
58.74,1.37,0.89,0.51,landers,7.3
59.4,1.33,0.9,0.5,landers,7.3
60.06,1.7,0.91,0.64,landers,7.3
60.72,1.85,0.92,0.69,landers,7.3
61.38,1.9,0.93,0.71,landers,7.3
62.04,1.9,0.94,0.71,landers,7.3
62.7,1.8,0.95,0.68,landers,7.3
63.36,1.71,0.96,0.64,landers,7.3
64.02,1.57,0.97,0.59,landers,7.3
64.68,1.42,0.98,0.53,landers,7.3
65.34,1.2,0.99,0.45,landers,7.3
66.0,0.0,1.0,0.0,landers,7.3
0.0,0.0,0.0,0.0,niksar,7.1
0.5,0.01,0.01,0.01,niksar,7.1
1.0,0.03,0.02,0.03,niksar,7.1
1.5,0.05,0.03,0.05,niksar,7.1
2.0,0.08,0.04,0.08,niksar,7.1
2.5,0.1,0.05,0.1,niksar,7.1
3.0,0.13,0.06,0.13,niksar,7.1
3.5,0.15,0.07,0.15,niksar,7.1
4.0,0.18,0.08,0.18,niksar,7.1
4.5,0.23,0.09,0.23,niksar,7.1
5.0,0.23,0.1,0.23,niksar,7.1
5.5,0.23,0.11,0.23,niksar,7.1
6.0,0.25,0.12,0.26,niksar,7.1
6.5,0.28,0.13,0.28,niksar,7.1
7.0,0.3,0.14,0.31,niksar,7.1
7.5,0.33,0.15,0.33,niksar,7.1
8.0,0.36,0.16,0.36,niksar,7.1
8.5,0.38,0.17,0.38,niksar,7.1
9.0,0.41,0.18,0.41,niksar,7.1
9.5,0.43,0.19,0.44,niksar,7.1
10.0,0.46,0.2,0.46,niksar,7.1
10.5,0.48,0.21,0.49,niksar,7.1
11.0,0.53,0.22,0.54,niksar,7.1
11.5,0.67,0.23,0.67,niksar,7.1
12.0,0.85,0.24,0.86,niksar,7.1
12.5,1.04,0.25,1.05,niksar,7.1
13.0,1.23,0.26,1.24,niksar,7.1
13.5,1.42,0.27,1.43,niksar,7.1
14.0,1.59,0.28,1.61,niksar,7.1
14.5,1.67,0.29,1.68,niksar,7.1
15.0,1.7,0.3,1.72,niksar,7.1
15.5,1.74,0.31,1.76,niksar,7.1
16.0,1.77,0.32,1.79,niksar,7.1
16.5,1.79,0.33,1.81,niksar,7.1
17.0,1.82,0.34,1.84,niksar,7.1
17.5,1.84,0.35,1.86,niksar,7.1
18.0,1.87,0.36,1.89,niksar,7.1
18.5,1.89,0.37,1.91,niksar,7.1
19.0,1.92,0.38,1.94,niksar,7.1
19.5,1.9,0.39,1.92,niksar,7.1
20.0,1.84,0.4,1.85,niksar,7.1
20.5,1.77,0.41,1.79,niksar,7.1
21.0,1.71,0.42,1.73,niksar,7.1
21.5,1.64,0.43,1.66,niksar,7.1
22.0,1.52,0.44,1.54,niksar,7.1
22.5,1.54,0.45,1.56,niksar,7.1
23.0,1.57,0.46,1.59,niksar,7.1
23.5,1.6,0.47,1.61,niksar,7.1
24.0,1.62,0.48,1.64,niksar,7.1
24.5,1.65,0.49,1.66,niksar,7.1
25.0,1.67,0.5,1.69,niksar,7.1
25.5,1.69,0.51,1.7,niksar,7.1
26.0,1.68,0.52,1.7,niksar,7.1
26.5,1.67,0.53,1.69,niksar,7.1
27.0,1.67,0.54,1.68,niksar,7.1
27.5,1.66,0.55,1.68,niksar,7.1
28.0,1.65,0.56,1.67,niksar,7.1
28.5,1.64,0.57,1.66,niksar,7.1
29.0,1.64,0.58,1.65,niksar,7.1
29.5,1.63,0.59,1.65,niksar,7.1
30.0,1.62,0.6,1.64,niksar,7.1
30.5,1.61,0.61,1.63,niksar,7.1
31.0,1.61,0.62,1.62,niksar,7.1
31.5,1.59,0.63,1.6,niksar,7.1
32.0,1.55,0.64,1.57,niksar,7.1
32.5,1.52,0.65,1.54,niksar,7.1
33.0,1.49,0.66,1.5,niksar,7.1
33.5,1.45,0.67,1.47,niksar,7.1
34.0,1.44,0.68,1.46,niksar,7.1
34.5,1.5,0.69,1.51,niksar,7.1
35.0,1.55,0.7,1.57,niksar,7.1
35.5,1.61,0.71,1.63,niksar,7.1
36.0,1.67,0.72,1.69,niksar,7.1
36.5,1.72,0.73,1.74,niksar,7.1
37.0,1.78,0.74,1.8,niksar,7.1
37.5,1.84,0.75,1.86,niksar,7.1
38.0,1.76,0.76,1.77,niksar,7.1
38.5,0.5,0.77,0.51,niksar,7.1
39.0,0.48,0.78,0.48,niksar,7.1
39.5,0.45,0.79,0.46,niksar,7.1
40.0,0.44,0.8,0.44,niksar,7.1
40.5,0.42,0.81,0.42,niksar,7.1
41.0,0.39,0.82,0.4,niksar,7.1
41.5,0.38,0.83,0.38,niksar,7.1
42.0,0.36,0.84,0.36,niksar,7.1
42.5,0.33,0.85,0.34,niksar,7.1
43.0,0.32,0.86,0.32,niksar,7.1
43.5,0.3,0.87,0.3,niksar,7.1
44.0,0.27,0.88,0.28,niksar,7.1
44.5,0.26,0.89,0.26,niksar,7.1
45.0,0.23,0.9,0.24,niksar,7.1
45.5,0.21,0.91,0.21,niksar,7.1
46.0,0.2,0.92,0.2,niksar,7.1
46.5,0.17,0.93,0.18,niksar,7.1
47.0,0.15,0.94,0.15,niksar,7.1
47.5,0.13,0.95,0.13,niksar,7.1
48.0,0.11,0.96,0.11,niksar,7.1
48.5,0.09,0.97,0.09,niksar,7.1
49.0,0.07,0.98,0.07,niksar,7.1
49.5,0.05,0.99,0.05,niksar,7.1
50.0,0.0,1.0,0.0,niksar,7.1
0.0,0.0,0.0,0.0,saf,7.8
3.3,1.65,0.01,0.33,saf,7.8
6.6,3.33,0.02,0.67,saf,7.8
9.9,3.29,0.03,0.66,saf,7.8
13.3,3.28,0.04,0.66,saf,7.8
16.6,3.28,0.05,0.66,saf,7.8
19.9,3.28,0.06,0.66,saf,7.8
23.2,3.31,0.07,0.66,saf,7.8
26.5,3.65,0.08,0.73,saf,7.8
29.8,4.1,0.09,0.82,saf,7.8
33.1,4.56,0.1,0.91,saf,7.8
36.5,5.15,0.11,1.03,saf,7.8
39.8,5.75,0.12,1.15,saf,7.8
43.1,6.22,0.13,1.25,saf,7.8
46.4,6.68,0.14,1.34,saf,7.8
49.7,7.15,0.15,1.43,saf,7.8
53.0,7.58,0.16,1.52,saf,7.8
56.3,8.06,0.17,1.62,saf,7.8
59.7,8.55,0.18,1.71,saf,7.8
63.0,8.69,0.19,1.74,saf,7.8
66.3,8.82,0.2,1.77,saf,7.8
69.6,8.89,0.21,1.78,saf,7.8
72.9,8.89,0.22,1.78,saf,7.8
76.2,8.89,0.23,1.78,saf,7.8
79.5,8.75,0.24,1.75,saf,7.8
82.9,8.35,0.25,1.67,saf,7.8
86.2,8.42,0.26,1.69,saf,7.8
89.5,9.02,0.27,1.81,saf,7.8
92.8,8.46,0.28,1.7,saf,7.8
96.1,6.93,0.29,1.39,saf,7.8
99.4,6.63,0.3,1.33,saf,7.8
102.7,6.45,0.31,1.29,saf,7.8
106.1,6.31,0.32,1.26,saf,7.8
109.4,6.31,0.33,1.26,saf,7.8
112.7,6.41,0.34,1.28,saf,7.8
116.0,6.48,0.35,1.3,saf,7.8
119.3,6.51,0.36,1.3,saf,7.8
122.6,6.48,0.37,1.3,saf,7.8
125.9,6.38,0.38,1.28,saf,7.8
129.3,6.16,0.39,1.24,saf,7.8
132.6,5.7,0.4,1.14,saf,7.8
135.9,5.16,0.41,1.03,saf,7.8
139.2,4.74,0.42,0.95,saf,7.8
142.5,4.54,0.43,0.91,saf,7.8
145.8,5.05,0.44,1.01,saf,7.8
149.1,6.24,0.45,1.25,saf,7.8
152.4,6.62,0.46,1.33,saf,7.8
155.8,6.47,0.47,1.3,saf,7.8
159.1,6.36,0.48,1.27,saf,7.8
162.4,6.29,0.49,1.26,saf,7.8
165.7,6.21,0.5,1.25,saf,7.8
169.0,6.15,0.51,1.23,saf,7.8
172.3,6.08,0.52,1.22,saf,7.8
175.6,6.01,0.53,1.2,saf,7.8
179.0,5.94,0.54,1.19,saf,7.8
182.3,5.87,0.55,1.18,saf,7.8
185.6,5.78,0.56,1.16,saf,7.8
188.9,5.62,0.57,1.13,saf,7.8
192.2,5.46,0.58,1.09,saf,7.8
195.5,5.3,0.59,1.06,saf,7.8
198.8,5.12,0.6,1.03,saf,7.8
202.2,4.96,0.61,0.99,saf,7.8
205.5,4.78,0.62,0.96,saf,7.8
208.8,4.61,0.63,0.92,saf,7.8
212.1,4.44,0.64,0.89,saf,7.8
215.4,4.27,0.65,0.86,saf,7.8
218.7,4.09,0.66,0.82,saf,7.8
222.0,3.93,0.67,0.79,saf,7.8
225.4,3.78,0.68,0.76,saf,7.8
228.7,3.62,0.69,0.73,saf,7.8
232.0,3.58,0.7,0.72,saf,7.8
235.3,3.45,0.71,0.69,saf,7.8
238.6,3.02,0.72,0.61,saf,7.8
241.9,2.95,0.73,0.59,saf,7.8
245.2,3.15,0.74,0.63,saf,7.8
248.6,3.35,0.75,0.67,saf,7.8
251.9,3.57,0.76,0.71,saf,7.8
255.2,3.8,0.77,0.76,saf,7.8
258.5,4.04,0.78,0.81,saf,7.8
261.8,4.27,0.79,0.86,saf,7.8
265.1,4.46,0.8,0.89,saf,7.8
268.4,4.46,0.81,0.89,saf,7.8
271.8,4.31,0.82,0.86,saf,7.8
275.1,4.08,0.83,0.82,saf,7.8
278.4,3.86,0.84,0.77,saf,7.8
281.7,3.65,0.85,0.73,saf,7.8
285.0,3.41,0.86,0.68,saf,7.8
288.3,3.19,0.87,0.64,saf,7.8
291.6,2.98,0.88,0.6,saf,7.8
295.0,2.93,0.89,0.59,saf,7.8
298.3,2.97,0.9,0.6,saf,7.8
301.6,2.97,0.91,0.59,saf,7.8
304.9,2.89,0.92,0.58,saf,7.8
308.2,2.68,0.93,0.54,saf,7.8
311.5,2.42,0.94,0.49,saf,7.8
314.8,2.14,0.95,0.43,saf,7.8
318.1,1.86,0.96,0.37,saf,7.8
321.5,1.58,0.97,0.32,saf,7.8
324.8,1.3,0.98,0.26,saf,7.8
328.1,1.05,0.99,0.21,saf,7.8
331.4,0.0,1.0,0.0,saf,7.8
0.0,0.0,0.0,0.0,tosya,7.6
2.8,0.12,0.01,0.05,tosya,7.6
5.6,0.23,0.02,0.1,tosya,7.6
8.4,0.58,0.03,0.25,tosya,7.6
11.2,0.93,0.04,0.39,tosya,7.6
14.0,1.16,0.05,0.49,tosya,7.6
16.8,1.51,0.06,0.64,tosya,7.6
19.6,1.86,0.07,0.79,tosya,7.6
22.4,2.09,0.08,0.89,tosya,7.6
25.2,2.44,0.09,1.03,tosya,7.6
28.0,2.79,0.1,1.18,tosya,7.6
30.8,3.02,0.11,1.28,tosya,7.6
33.6,3.37,0.12,1.43,tosya,7.6
36.4,3.71,0.13,1.58,tosya,7.6
39.2,3.96,0.14,1.68,tosya,7.6
42.0,4.03,0.15,1.71,tosya,7.6
44.8,4.12,0.16,1.75,tosya,7.6
47.6,4.23,0.17,1.79,tosya,7.6
50.4,4.33,0.18,1.84,tosya,7.6
53.2,4.35,0.19,1.85,tosya,7.6
56.0,4.3,0.2,1.82,tosya,7.6
58.8,4.24,0.21,1.8,tosya,7.6
61.6,4.19,0.22,1.78,tosya,7.6
64.4,4.13,0.23,1.75,tosya,7.6
67.2,4.08,0.24,1.73,tosya,7.6
70.0,4.03,0.25,1.71,tosya,7.6
72.8,3.97,0.26,1.69,tosya,7.6
75.6,3.75,0.27,1.59,tosya,7.6
78.4,1.63,0.28,0.69,tosya,7.6
81.2,2.14,0.29,0.91,tosya,7.6
84.0,3.06,0.3,1.3,tosya,7.6
86.8,3.36,0.31,1.43,tosya,7.6
89.6,3.23,0.32,1.37,tosya,7.6
92.4,3.1,0.33,1.32,tosya,7.6
95.2,2.96,0.34,1.26,tosya,7.6
98.0,2.81,0.35,1.19,tosya,7.6
100.8,2.67,0.36,1.13,tosya,7.6
103.5,2.55,0.37,1.08,tosya,7.6
106.3,2.47,0.38,1.05,tosya,7.6
109.1,2.4,0.39,1.02,tosya,7.6
111.9,2.34,0.4,0.99,tosya,7.6
114.7,2.28,0.41,0.97,tosya,7.6
117.5,2.21,0.42,0.94,tosya,7.6
120.3,2.15,0.43,0.91,tosya,7.6
123.1,2.08,0.44,0.88,tosya,7.6
125.9,2.01,0.45,0.85,tosya,7.6
128.7,1.95,0.46,0.83,tosya,7.6
131.5,1.89,0.47,0.8,tosya,7.6
134.3,1.81,0.48,0.77,tosya,7.6
137.1,1.75,0.49,0.74,tosya,7.6
139.9,1.69,0.5,0.72,tosya,7.6
142.7,1.62,0.51,0.69,tosya,7.6
145.5,1.56,0.52,0.66,tosya,7.6
148.3,1.49,0.53,0.63,tosya,7.6
151.1,2.04,0.54,0.86,tosya,7.6
153.9,2.55,0.55,1.08,tosya,7.6
156.7,2.48,0.56,1.05,tosya,7.6
159.5,2.4,0.57,1.02,tosya,7.6
162.3,2.33,0.58,0.99,tosya,7.6
165.1,2.26,0.59,0.96,tosya,7.6
167.9,2.19,0.6,0.93,tosya,7.6
170.7,2.12,0.61,0.9,tosya,7.6
173.5,2.04,0.62,0.87,tosya,7.6
176.3,1.97,0.63,0.84,tosya,7.6
179.1,1.91,0.64,0.81,tosya,7.6
181.9,1.83,0.65,0.78,tosya,7.6
184.7,1.76,0.66,0.75,tosya,7.6
187.5,1.68,0.67,0.71,tosya,7.6
190.3,1.62,0.68,0.69,tosya,7.6
193.1,1.55,0.69,0.66,tosya,7.6
195.9,1.47,0.7,0.62,tosya,7.6
198.7,1.39,0.71,0.59,tosya,7.6
201.5,1.33,0.72,0.56,tosya,7.6
204.3,1.26,0.73,0.54,tosya,7.6
207.1,1.18,0.74,0.5,tosya,7.6
209.9,1.16,0.75,0.49,tosya,7.6
212.7,1.49,0.76,0.63,tosya,7.6
215.5,1.88,0.77,0.8,tosya,7.6
218.3,1.8,0.78,0.77,tosya,7.6
221.1,1.62,0.79,0.69,tosya,7.6
223.9,1.69,0.8,0.72,tosya,7.6
226.7,1.82,0.81,0.77,tosya,7.6
229.5,1.94,0.82,0.82,tosya,7.6
232.3,2.29,0.83,0.97,tosya,7.6
235.1,2.83,0.84,1.2,tosya,7.6
237.9,2.97,0.85,1.26,tosya,7.6
240.7,3.03,0.86,1.29,tosya,7.6
243.5,3.08,0.87,1.31,tosya,7.6
246.3,2.98,0.88,1.26,tosya,7.6
249.1,2.83,0.89,1.2,tosya,7.6
251.9,2.69,0.9,1.14,tosya,7.6
254.7,2.55,0.91,1.08,tosya,7.6
257.5,2.41,0.92,1.02,tosya,7.6
260.3,2.29,0.93,0.97,tosya,7.6
263.1,2.21,0.94,0.94,tosya,7.6
265.9,2.15,0.95,0.91,tosya,7.6
268.7,2.09,0.96,0.89,tosya,7.6
271.5,2.03,0.97,0.86,tosya,7.6
274.3,1.96,0.98,0.83,tosya,7.6
277.1,1.91,0.99,0.81,tosya,7.6
279.9,0.0,1.0,0.0,tosya,7.6
